City_ID,City,Lat,Lng,Max Temp,Humidity,Cloudiness,Wind Speed,Country,Date
0,Dikson,73.5069,80.5464,-17.45,91,100,24.99,RU,2021-03-13 10:02:39
1,Ushuaia,-54.8,-68.3,37.4,93,75,42.57,AR,2021-03-13 09:58:09
2,Barrow,71.2906,-156.7887,-18.4,63,1,16.11,US,2021-03-13 10:02:39
3,Jamestown,42.097,-79.2353,21.99,79,1,7.65,US,2021-03-13 10:02:39
4,Vaini,-21.2,-175.2,75.2,94,75,2.3,TO,2021-03-13 10:02:39
5,Iqaluit,63.7506,-68.5145,-14.01,64,20,12.66,CA,2021-03-13 10:00:02
6,Souillac,-20.5167,57.5167,87.8,66,40,11.5,MU,2021-03-13 10:02:40
7,Mataura,-46.1927,168.8643,55.0,80,0,1.01,NZ,2021-03-13 10:02:40
8,Clyde River,70.4692,-68.5914,-4.0,84,90,13.8,CA,2021-03-13 10:02:40
9,Deniliquin,-35.5333,144.9667,59.0,89,100,1.01,AU,2021-03-13 10:02:40
10,Kota Belud,6.351,116.4305,82.4,83,20,5.75,MY,2021-03-13 10:02:40
11,Hobart,-42.8794,147.3294,57.2,51,75,12.66,AU,2021-03-13 09:59:27
12,Port Lincoln,-34.7333,135.8667,58.24,60,38,16.37,AU,2021-03-13 10:02:41
13,Castro,-24.7911,-50.0119,61.45,98,47,2.82,BR,2021-03-13 10:02:41
14,Acapulco,16.8634,-99.8901,73.56,71,0,4.05,MX,2021-03-13 10:02:41
15,Pimentel,-6.8367,-79.9342,71.01,85,52,5.99,PE,2021-03-13 10:02:41
16,Hilo,19.7297,-155.09,71.6,78,1,3.44,US,2021-03-13 10:02:41
17,Cape Town,-33.9258,18.4232,75.99,64,40,18.41,ZA,2021-03-13 09:58:15
18,Callaway,30.153,-85.5699,60.01,100,90,3.44,US,2021-03-13 10:02:41
19,Emerald,-23.5333,148.1667,89.6,37,78,3.44,AU,2021-03-13 10:00:00
20,Palana,59.1167,159.9667,1.33,95,100,15.39,RU,2021-03-13 10:02:41
21,Bluff,-46.6,168.3333,55.0,80,0,1.01,NZ,2021-03-13 10:02:41
22,Port Hedland,-20.3167,118.5667,86.0,74,72,10.36,AU,2021-03-13 10:00:19
23,Talnakh,69.4865,88.3972,-14.57,97,100,13.18,RU,2021-03-13 10:02:42
24,Alofi,-19.0595,-169.9187,71.6,100,5,7.18,NU,2021-03-13 10:00:04
25,Inyonga,-6.7167,32.0667,81.27,55,16,5.91,TZ,2021-03-13 10:02:42
26,Winslow,35.0242,-110.6974,32.0,93,90,4.61,US,2021-03-13 10:02:42
27,Punta Arenas,-53.15,-70.9167,46.4,46,20,14.97,CL,2021-03-13 10:02:42
28,Cabo San Lucas,22.8909,-109.9124,60.01,81,52,1.01,MX,2021-03-13 10:02:42
29,Mahibadhoo,3.7833,72.9667,83.12,73,74,11.21,MV,2021-03-13 10:02:42
30,Itaqui,-29.1253,-56.5531,64.87,52,52,3.8,BR,2021-03-13 10:02:42
31,Butaritari,3.0707,172.7902,81.32,79,55,11.56,KI,2021-03-13 10:02:42
32,Yining,29.0361,114.5636,58.24,86,84,1.81,CN,2021-03-13 10:02:43
33,Saint-Philippe,-21.3585,55.7679,84.2,65,75,25.32,RE,2021-03-13 10:02:43
34,Pevek,69.7008,170.3133,6.24,95,100,14.9,RU,2021-03-13 10:02:43
35,Paamiut,61.994,-49.6678,11.07,49,97,8.43,GL,2021-03-13 10:02:43
36,Labuan,5.2767,115.2417,80.6,83,20,3.44,MY,2021-03-13 10:00:45
37,Kargasok,59.0556,80.8572,12.87,86,70,14.5,RU,2021-03-13 10:02:43
38,Khatanga,71.9667,102.5,-7.04,96,100,11.92,RU,2021-03-13 10:02:43
39,Georgetown,5.4112,100.3354,87.8,66,20,11.5,MY,2021-03-13 09:59:49
40,Avarua,-21.2078,-159.775,77.0,94,20,3.44,CK,2021-03-13 10:00:11
41,Waingapu,-9.6567,120.2641,81.73,81,82,2.82,ID,2021-03-13 10:02:43
42,Ostrovnoy,68.0531,39.5131,18.16,87,80,13.69,RU,2021-03-13 10:02:44
43,Kieta,-6.2167,155.6333,79.47,76,100,3.89,PG,2021-03-13 10:02:44
44,Santiago,-33.4569,-70.6483,64.99,67,0,1.61,CL,2021-03-13 10:00:02
45,Floresta,-8.6011,-38.5686,75.7,73,65,6.85,BR,2021-03-13 10:02:44
46,Saldanha,-33.0117,17.9442,73.4,60,31,9.22,ZA,2021-03-13 10:02:44
47,Puerto Leguizamo,-0.1934,-74.7819,68.43,94,46,1.19,CO,2021-03-13 10:02:44
48,Kalmunai,7.4167,81.8167,84.33,72,30,11.97,LK,2021-03-13 10:02:44
49,Hermanus,-34.4187,19.2345,80.01,50,20,5.01,ZA,2021-03-13 10:02:44
50,Rikitea,-23.1203,-134.9692,78.96,79,54,6.69,PF,2021-03-13 10:02:44
51,Necochea,-38.5473,-58.7368,55.0,85,0,3.0,AR,2021-03-13 10:02:45
52,Saskylakh,71.9167,114.0833,-4.79,88,0,16.02,RU,2021-03-13 10:02:45
53,Riohacha,11.5444,-72.9072,71.62,87,61,5.86,CO,2021-03-13 10:02:45
54,Singaraja,-8.112,115.0882,82.13,81,92,4.85,ID,2021-03-13 10:02:45
55,Nidzica,53.3605,20.4275,39.2,93,75,12.66,PL,2021-03-13 10:02:45
56,Narrabri,-30.3167,149.7833,80.01,61,40,8.05,AU,2021-03-13 10:02:45
57,Vardo,70.3705,31.1107,24.37,82,100,12.59,NO,2021-03-13 10:02:45
58,Ketchikan,55.3422,-131.6461,32.0,100,90,9.22,US,2021-03-13 10:02:45
59,Carnarvon,-24.8667,113.6333,89.6,58,0,17.27,AU,2021-03-13 10:00:04
60,Westport,41.1415,-73.3579,34.0,34,1,16.11,US,2021-03-13 10:02:47
61,Cidreira,-30.1811,-50.2056,69.42,84,45,6.33,BR,2021-03-13 10:02:47
62,Lata,40.1629,-8.3327,57.0,76,21,1.99,PT,2021-03-13 10:02:47
63,Bredasdorp,-34.5322,20.0403,80.6,54,0,5.75,ZA,2021-03-13 10:02:47
64,Champerico,14.3,-91.9167,59.0,93,7,3.0,GT,2021-03-13 10:02:48
65,Albany,42.6001,-73.9662,28.0,38,17,4.0,US,2021-03-13 10:02:48
66,Daru,-9.0763,143.2092,80.65,80,99,6.85,PG,2021-03-13 10:02:48
67,Kaseda,31.4167,130.3167,55.4,62,75,13.8,JP,2021-03-13 10:02:48
68,Saint George,37.1041,-113.5841,37.0,80,90,4.61,US,2021-03-13 09:59:58
69,Atuona,-9.8,-139.0333,79.3,62,100,3.38,PF,2021-03-13 10:02:48
70,Bodo,67.28,14.405,36.0,69,75,18.41,NO,2021-03-13 10:02:48
71,Kapaa,22.0752,-159.319,73.0,88,75,14.97,US,2021-03-13 10:02:48
72,Yellowknife,62.456,-114.3525,-7.01,84,1,11.5,CA,2021-03-13 10:02:48
73,Busselton,-33.65,115.3333,68.0,61,0,3.0,AU,2021-03-13 10:00:19
74,Buala,-8.145,159.5921,79.72,81,100,6.49,SB,2021-03-13 10:02:49
75,Port Alfred,-33.5906,26.891,97.09,31,18,3.22,ZA,2021-03-13 10:02:49
76,Atar,20.5169,-13.0499,64.4,29,28,2.3,MR,2021-03-13 10:02:49
77,Oistins,13.0667,-59.5333,77.0,73,40,17.27,BB,2021-03-13 10:02:49
78,Los Llanos De Aridane,28.6585,-17.9182,66.2,59,75,9.22,ES,2021-03-13 10:02:49
79,Tromso,69.6496,18.957,30.0,86,90,12.66,NO,2021-03-13 10:02:49
80,Scottsboro,34.6723,-86.0341,60.01,100,90,1.36,US,2021-03-13 10:02:50
81,Te Anau,-45.4167,167.7167,51.39,87,3,4.79,NZ,2021-03-13 10:01:03
82,Fortuna,40.5982,-124.1573,46.99,87,90,3.29,US,2021-03-13 10:02:50
83,Birin,26.8865,88.0718,73.67,23,100,8.14,NP,2021-03-13 10:02:50
84,La Ronge,55.1001,-105.2842,28.4,59,87,5.17,CA,2021-03-13 10:02:50
85,Vila Velha,-20.3297,-40.2925,73.99,88,40,3.44,BR,2021-03-13 10:02:51
86,Yinchuan,38.4681,106.2731,68.94,19,60,5.53,CN,2021-03-13 10:01:25
87,Parintins,-2.6283,-56.7358,72.39,97,71,2.28,BR,2021-03-13 10:02:51
88,Pahrump,36.2083,-115.9839,39.0,79,100,2.77,US,2021-03-13 09:59:57
89,Oga,46.4631,10.347,55.0,41,0,13.8,IT,2021-03-13 10:02:51
90,Mahebourg,-20.4081,57.7,87.8,66,40,11.5,MU,2021-03-13 10:02:52
91,Victoria,22.2855,114.1577,73.0,74,4,1.01,HK,2021-03-13 09:59:07
92,Saint-Pierre,-21.3393,55.4781,84.2,65,75,25.32,RE,2021-03-13 10:00:07
93,Segovia,41.1667,-4.0,50.0,59,3,1.01,ES,2021-03-13 10:00:44
94,Namibe,-15.1961,12.1522,75.2,88,90,4.41,AO,2021-03-13 10:02:53
95,Mitsamiouli,-11.3847,43.2844,83.53,71,12,4.43,KM,2021-03-13 10:02:53
96,Dali,25.7,100.1833,70.68,33,1,7.05,CN,2021-03-13 10:02:32
97,Wajima,37.4,136.9,44.6,100,75,9.22,JP,2021-03-13 10:01:20
98,Kaitangata,-46.2817,169.8464,55.99,80,1,3.18,NZ,2021-03-13 10:02:53
99,Korla,41.7597,86.1469,66.45,19,0,22.35,CN,2021-03-13 10:02:44
100,Norman Wells,65.282,-126.8329,-5.8,71,75,9.22,CA,2021-03-13 10:02:53
101,Biograd Na Moru,43.9433,15.4519,61.0,72,20,5.75,HR,2021-03-13 10:02:53
102,Governador Valadares,-18.8511,-41.9494,69.48,92,0,1.79,BR,2021-03-13 10:02:53
103,Bambous Virieux,-20.3428,57.7575,87.8,66,40,11.5,MU,2021-03-13 10:02:53
104,Naze,28.3667,129.4833,64.4,68,75,12.66,JP,2021-03-13 09:58:18
105,Cherskiy,68.75,161.3,-9.35,93,100,17.54,RU,2021-03-13 10:02:54
106,Lanzhou,36.0564,103.7922,69.8,10,0,8.95,CN,2021-03-13 09:59:57
107,Mar Del Plata,-38.0023,-57.5575,60.01,93,0,3.44,AR,2021-03-13 10:02:54
108,Lagoa,39.05,-27.9833,59.45,85,100,20.62,PT,2021-03-13 10:02:55
109,Leh,34.1667,77.5833,33.03,43,0,2.68,IN,2021-03-13 10:02:55
110,Oussouye,12.485,-16.5469,75.2,60,0,6.91,SN,2021-03-13 10:02:55
111,Nanortalik,60.1432,-45.2371,21.04,53,100,5.5,GL,2021-03-13 10:02:55
112,Leningradskiy,69.3833,178.4167,17.64,85,100,10.45,RU,2021-03-13 10:02:55
113,Sitka,57.0531,-135.33,32.0,64,90,9.22,US,2021-03-13 10:02:55
114,Iguape,-24.7081,-47.5553,73.29,93,53,3.56,BR,2021-03-13 10:02:55
115,Sept-Iles,50.2001,-66.3821,23.0,54,90,16.11,CA,2021-03-13 10:02:55
116,Maniitsoq,65.4167,-52.9,12.63,76,84,7.02,GL,2021-03-13 10:02:56
117,Clonakilty,51.6231,-8.8706,39.99,87,40,13.8,IE,2021-03-13 10:02:56
118,Wagar,16.1525,36.2032,99.81,19,0,8.61,SD,2021-03-13 10:02:56
119,Eydhafushi,5.1033,73.0708,83.52,72,45,12.41,MV,2021-03-13 10:00:05
120,Tuktoyaktuk,69.4541,-133.0374,-10.88,99,100,8.93,CA,2021-03-13 10:02:56
121,Middelburg,-25.7751,29.4648,83.14,17,0,11.95,ZA,2021-03-13 10:02:56
122,Vuktyl,63.8567,57.3094,19.44,82,0,12.93,RU,2021-03-13 10:02:56
123,Qaanaaq,77.484,-69.3632,-3.84,65,99,4.74,GL,2021-03-13 10:02:57
124,Ihiala,5.8538,6.8603,87.78,55,96,4.85,NG,2021-03-13 10:02:58
125,Esperance,-33.8667,121.9,62.6,51,10,13.8,AU,2021-03-13 10:00:34
126,Senador Jose Porfirio,-2.5908,-51.9542,72.41,94,100,1.07,BR,2021-03-13 10:02:58
127,Mehamn,71.0357,27.8492,21.56,83,90,6.71,NO,2021-03-13 10:02:58
128,Huarmey,-10.0681,-78.1522,70.34,87,46,6.11,PE,2021-03-13 10:02:58
129,Stara Vyzhivka,51.4376,24.44,45.82,61,48,17.72,UA,2021-03-13 10:02:58
130,Huayang,34.4155,109.9939,56.68,58,0,7.9,CN,2021-03-13 10:02:58
131,Trelew,-43.249,-65.3051,68.16,24,0,7.78,AR,2021-03-13 10:02:58
132,Ponta Do Sol,32.6667,-17.1,62.01,63,100,3.0,PT,2021-03-13 10:02:58
133,Gobabis,-22.45,18.9667,83.62,32,0,11.86,NA,2021-03-13 10:02:59
134,Elko,41.0002,-115.5012,28.0,68,1,3.36,US,2021-03-13 10:02:59
135,Hay River,60.8156,-115.7999,-7.6,71,34,8.05,CA,2021-03-13 10:02:59
136,Almaznyy,48.0448,40.045,28.4,74,75,13.42,RU,2021-03-13 10:02:59
137,Longyearbyen,78.2186,15.6401,12.2,67,75,8.05,SJ,2021-03-13 10:03:00
138,Airai,-8.9266,125.4092,63.41,97,100,0.74,TL,2021-03-13 10:03:00
139,Orangeburg,33.4918,-80.8557,55.0,94,1,3.44,US,2021-03-13 10:03:00
140,Aitape,-3.1374,142.3475,80.22,81,25,2.91,PG,2021-03-13 10:03:00
141,Severo-Kurilsk,50.6789,156.125,26.94,86,62,19.01,RU,2021-03-13 10:03:00
142,Shimanovsk,52.0,127.7,31.48,95,99,3.04,RU,2021-03-13 10:03:00
143,Bad Liebenwerda,51.5167,13.4,48.99,71,75,13.8,DE,2021-03-13 10:03:00
144,Trairi,-3.2778,-39.2689,76.3,89,74,5.77,BR,2021-03-13 10:03:00
145,Tautira,-17.7333,-149.15,78.8,83,0,3.44,PF,2021-03-13 10:03:00
146,Wicklow,53.0,-6.4167,39.99,81,40,18.41,IE,2021-03-13 10:03:00
147,Meulaboh,4.1363,96.1285,81.36,80,71,4.81,ID,2021-03-13 10:03:01
148,Dakar,14.6937,-17.4441,68.0,77,0,9.22,SN,2021-03-13 10:02:41
149,Thompson,55.7435,-97.8558,21.2,68,20,8.05,CA,2021-03-13 10:03:01
150,Sorland,67.667,12.6934,39.85,88,100,24.7,NO,2021-03-13 10:03:01
151,Tiksi,71.6872,128.8694,-6.72,93,60,12.46,RU,2021-03-13 10:03:01
152,Palmer,42.1584,-72.3287,30.2,40,1,20.71,US,2021-03-13 10:03:01
153,Hambantota,6.1241,81.1185,91.4,62,75,11.5,LK,2021-03-13 09:58:09
154,Disna,55.568,28.1971,38.97,81,98,13.94,BY,2021-03-13 10:03:01
155,Narsaq,60.9167,-46.05,15.8,53,90,3.44,GL,2021-03-13 10:03:02
156,Vagur,61.4732,-6.8119,42.51,74,100,25.52,FO,2021-03-13 10:03:02
157,Husainabad,24.5333,84.0167,92.17,22,58,4.14,IN,2021-03-13 10:00:05
158,Ponta Delgada,37.7333,-25.6667,59.0,94,75,11.5,PT,2021-03-13 10:03:03
159,Quang Ngai,15.1167,108.8,77.83,77,15,7.83,VN,2021-03-13 09:58:30
160,Simao,22.7886,100.9748,81.41,17,0,2.26,CN,2021-03-13 10:03:03
161,Nikolskoye,59.7035,30.7861,37.4,87,90,17.9,RU,2021-03-13 10:03:03
162,Sena Madureira,-9.0656,-68.6569,68.77,98,40,1.25,BR,2021-03-13 10:03:03
163,Nome,64.5011,-165.4064,8.6,78,100,26.46,US,2021-03-13 10:03:04
164,Isla Vista,34.4133,-119.861,48.2,81,1,6.91,US,2021-03-13 10:03:04
165,Ancud,-41.8697,-73.8203,49.17,90,71,4.07,CL,2021-03-13 10:03:04
166,Sokolo,14.7328,-6.1219,81.45,12,0,15.9,ML,2021-03-13 10:03:04
167,High Level,58.5169,-117.136,14.0,62,20,9.22,CA,2021-03-13 10:03:04
168,Chama,47.1821,8.4636,53.6,40,79,14.97,CH,2021-03-13 10:03:04
169,Shenjiamen,29.9576,122.298,50.72,83,37,7.45,CN,2021-03-13 10:01:57
170,Chapais,49.7834,-74.8492,-4.0,77,75,12.66,CA,2021-03-13 10:03:04
171,Pachino,36.7186,15.0907,59.0,72,20,4.61,IT,2021-03-13 10:03:05
172,Faanui,-16.4833,-151.75,83.26,64,8,3.36,PF,2021-03-13 10:03:05
173,Mayo,38.8876,-76.5119,51.8,35,1,10.36,US,2021-03-13 10:03:05
174,Sao Filipe,14.8961,-24.4956,71.44,68,0,7.43,CV,2021-03-13 10:03:05
175,Amanpur,27.7167,78.75,91.31,17,0,5.35,IN,2021-03-13 10:03:05
176,Vestmannaeyjar,63.4427,-20.2734,32.0,59,20,23.02,IS,2021-03-13 10:03:05
177,Cruz Grande,16.7333,-99.1333,69.58,81,0,3.6,MX,2021-03-13 10:03:05
178,Mount Gambier,-37.8333,140.7667,55.4,62,40,12.66,AU,2021-03-13 10:00:06
179,Cayenne,4.9333,-52.3333,72.0,100,90,2.68,GF,2021-03-13 10:03:05
180,Hit,33.6416,42.8251,61.95,22,0,13.15,IQ,2021-03-13 10:03:05
181,Bethel,41.3712,-73.414,30.99,41,0,5.99,US,2021-03-13 10:03:06
182,Cockburn Town,21.4612,-71.1419,75.02,79,1,19.26,TC,2021-03-13 10:03:06
183,Provideniya,64.3833,-173.3,30.61,97,100,20.24,RU,2021-03-13 10:03:06
184,Kamaishi,39.2667,141.8833,42.8,81,75,10.36,JP,2021-03-13 10:03:06
185,Klaksvik,62.2266,-6.589,39.2,93,75,21.85,FO,2021-03-13 10:03:06
186,Coquimbo,-29.9533,-71.3436,60.8,82,90,2.3,CL,2021-03-13 10:03:07
187,Katsuura,35.1333,140.3,53.01,80,0,9.66,JP,2021-03-13 10:03:07
188,Oyama,36.3,139.8,54.0,96,100,14.56,JP,2021-03-13 10:03:07
189,Byron Bay,-28.65,153.6167,75.2,78,0,8.05,AU,2021-03-13 10:01:04
190,Jeremie,18.65,-74.1167,74.71,81,18,8.95,HT,2021-03-13 10:03:07
191,Marigot,18.0667,-63.0833,75.2,83,20,2.3,MF,2021-03-13 10:03:07
192,Biak,-0.9131,122.8766,80.19,79,84,2.06,ID,2021-03-13 10:03:07
193,Pio Xii,-3.8325,-45.1525,72.77,97,94,1.61,BR,2021-03-13 10:03:07
194,Ossora,59.2353,163.0719,5.95,74,100,7.18,RU,2021-03-13 10:03:07
195,Algiers,36.7525,3.042,62.6,63,20,1.14,DZ,2021-03-13 09:59:53
196,Kavaratti,10.5669,72.642,83.8,63,0,5.46,IN,2021-03-13 10:03:08
197,Caravelas,-17.7125,-39.2481,73.76,80,1,2.57,BR,2021-03-13 10:03:08
198,Hami,42.8,93.45,64.56,18,93,2.8,CN,2021-03-13 10:01:56
199,Kawardha,22.0167,81.25,94.41,17,34,2.95,IN,2021-03-13 10:03:08
200,Ankazoabo,-22.2833,44.5167,88.93,34,0,3.67,MG,2021-03-13 10:03:08
201,Bintulu,3.1667,113.0333,78.8,94,20,3.44,MY,2021-03-13 10:03:08
202,Mananara,-16.1667,49.7667,83.8,63,42,10.51,MG,2021-03-13 10:03:08
203,Lompoc,34.6391,-120.4579,51.8,82,90,5.75,US,2021-03-13 10:03:08
204,Penzance,50.1186,-5.5371,45.0,76,40,31.07,GB,2021-03-13 10:03:09
205,Mukhen,48.1,136.1,29.86,89,8,4.85,RU,2021-03-13 10:03:09
206,Bhatapara,21.7333,81.9333,86.0,42,20,2.3,IN,2021-03-13 10:03:09
207,Ilulissat,69.2167,-51.1,5.0,51,93,2.3,GL,2021-03-13 10:03:09
208,Nelson Bay,-32.7167,152.15,78.8,73,90,8.05,AU,2021-03-13 10:03:09
209,Bengkulu,-3.8004,102.2655,82.9,72,98,6.29,ID,2021-03-13 10:00:40
210,Gambiran,-6.7988,111.4951,80.98,84,77,3.69,ID,2021-03-13 10:03:09
211,Elbistan,38.2059,37.1983,43.02,33,0,1.41,TR,2021-03-13 10:03:09
212,Hasaki,35.7333,140.8333,54.0,94,75,12.66,JP,2021-03-13 10:00:58
213,Beyneu,45.3167,55.2,28.99,31,50,11.3,KZ,2021-03-13 10:03:10
214,Chuy,-33.6971,-53.4616,65.64,90,50,6.02,UY,2021-03-13 10:03:10
215,Dmitriyevskaya,45.6564,40.7653,39.0,56,75,7.4,RU,2021-03-13 10:03:10
216,Hithadhoo,-0.6,73.0833,84.0,61,5,5.59,MV,2021-03-13 10:03:10
217,Chegdomyn,51.1167,133.0167,29.25,87,94,5.06,RU,2021-03-13 10:03:10
218,Tuatapere,-46.1333,167.6833,55.0,80,0,1.01,NZ,2021-03-13 10:03:10
219,Botwood,49.1499,-55.3482,27.0,80,3,11.81,CA,2021-03-13 10:03:10
220,Grindavik,63.8424,-22.4338,28.4,80,40,23.02,IS,2021-03-13 10:03:10
221,Ormara,25.2088,64.6357,77.32,60,10,8.5,PK,2021-03-13 10:03:10
222,Majene,-3.5403,118.9707,82.29,74,95,6.51,ID,2021-03-13 10:03:11
223,Bonavista,48.6499,-53.1147,32.0,86,0,6.91,CA,2021-03-13 10:03:11
224,Pechora,65.1472,57.2244,20.48,85,86,12.41,RU,2021-03-13 10:03:11
225,Brigantine,39.4101,-74.3646,46.4,34,1,14.97,US,2021-03-13 10:03:11
226,Beloha,-25.1667,45.05,89.65,40,0,12.82,MG,2021-03-13 10:03:11
227,Nong Han,17.3608,103.1053,93.0,43,0,5.75,TH,2021-03-13 10:03:11
228,Sola,-13.8833,167.55,78.8,94,90,8.05,VU,2021-03-13 10:03:11
229,Bathsheba,13.2167,-59.5167,77.0,73,40,17.27,BB,2021-03-13 10:03:11
230,Soyo,-6.1349,12.3689,85.46,72,99,6.4,AO,2021-03-13 10:03:11
231,Pendembu,8.1,-10.7,81.61,67,99,2.04,SL,2021-03-13 10:03:12
232,Lasa,46.6166,10.7002,48.99,74,0,4.61,IT,2021-03-13 10:03:12
233,Novikovo,51.1537,37.8879,27.03,88,100,17.92,RU,2021-03-13 10:03:12
234,New Norfolk,-42.7826,147.0587,55.99,60,100,4.27,AU,2021-03-13 10:03:12
235,Vereshchagino,58.0789,54.6557,21.78,78,0,13.27,RU,2021-03-13 10:03:13
236,Ishigaki,24.3448,124.1572,66.2,68,40,11.5,JP,2021-03-13 10:00:03
237,Fukue,32.6881,128.8419,55.4,67,40,9.22,JP,2021-03-13 10:00:56
238,Bubaque,11.2833,-15.8333,78.13,56,35,2.93,GW,2021-03-13 10:03:13
239,Tasiilaq,65.6145,-37.6368,17.6,79,90,17.27,GL,2021-03-13 10:03:13
240,Griffith,41.5284,-87.4237,28.99,100,1,3.6,US,2021-03-13 10:03:13
241,College Place,46.0493,-118.3883,39.99,65,1,4.61,US,2021-03-13 10:03:13
242,Belomorsk,64.5232,34.7668,23.68,92,93,6.31,RU,2021-03-13 10:03:13
243,Deputatskiy,69.3,139.9,-22.23,78,0,2.48,RU,2021-03-13 10:03:13
244,Saint-Jean-De-Maurienne,45.1667,6.5833,57.0,51,4,3.0,FR,2021-03-13 10:03:13
245,Nileshwar,12.25,75.1,85.82,70,0,13.0,IN,2021-03-13 10:03:14
246,Forestville,38.8451,-76.875,51.8,29,1,11.5,US,2021-03-13 10:03:14
247,General Pico,-35.6566,-63.7568,62.8,79,0,6.08,AR,2021-03-13 10:03:14
248,Husavik,66.0449,-17.3389,26.6,80,75,19.57,IS,2021-03-13 10:03:14
249,Lac Du Bonnet,50.2536,-96.0612,32.0,99,99,3.0,CA,2021-03-13 10:03:14
250,San Patricio,28.017,-97.5169,73.4,88,90,17.27,US,2021-03-13 10:03:14
251,Koslan,63.4564,48.8989,16.25,85,83,11.61,RU,2021-03-13 10:03:14
252,Ovsyanka,55.9575,92.5519,14.0,48,0,13.42,RU,2021-03-13 10:03:14
253,Geraldton,-28.7667,114.6,89.6,27,0,19.57,AU,2021-03-13 10:00:40
254,Port-Cartier,50.0334,-66.8654,23.0,54,90,16.11,CA,2021-03-13 10:03:15
255,Ribeira Grande,38.5167,-28.7,60.8,88,40,20.71,PT,2021-03-13 10:03:15
256,Salalah,17.0151,54.0924,84.2,48,0,12.66,OM,2021-03-13 10:03:15
257,Olinda,-8.0089,-34.8553,80.6,69,75,4.61,BR,2021-03-13 10:03:15
258,Sidrolandia,-20.9319,-54.9614,73.4,83,20,2.3,BR,2021-03-13 10:03:15
259,Yumen,40.2833,97.2,59.47,16,100,27.54,CN,2021-03-13 10:03:16
260,Codrington,-38.2667,141.9667,55.06,67,19,14.85,AU,2021-03-13 10:03:16
261,Belaya Gora,68.5333,146.4167,-21.08,98,0,0.74,RU,2021-03-13 10:03:16
262,Rincon,32.296,-81.2354,57.2,88,1,4.61,US,2021-03-13 10:03:16
263,Marovoay,-16.1,46.6333,87.8,58,20,5.75,MG,2021-03-13 10:03:16
264,Saint-Georges,12.0564,-61.7485,78.8,83,40,14.97,GD,2021-03-13 10:03:16
265,Nhlangano,-27.1167,31.2,80.94,35,24,6.15,SZ,2021-03-13 10:03:16
266,Aban,56.67,96.06,14.5,85,100,5.82,RU,2021-03-13 10:03:16
267,Luderitz,-26.6481,15.1594,74.52,55,27,10.07,NA,2021-03-13 10:03:16
268,Asau,46.4333,26.4,43.0,62,100,3.47,RO,2021-03-13 10:03:16
269,Lavrentiya,65.5833,-171.0,15.76,93,100,19.26,RU,2021-03-13 10:03:17
270,Shingu,33.7333,135.9833,51.8,62,40,27.63,JP,2021-03-13 10:03:17
271,Bria,6.5423,21.9863,100.62,27,100,5.08,CF,2021-03-13 10:03:17
272,Goma,-1.6792,29.2228,80.02,46,100,3.53,CD,2021-03-13 10:03:17
273,Tahlequah,35.9154,-94.97,57.99,94,90,4.61,US,2021-03-13 10:03:17
274,Monticello,45.3055,-93.7941,34.0,86,1,7.87,US,2021-03-13 10:03:17
275,Madang,-5.2246,145.7966,79.54,82,99,3.09,PG,2021-03-13 10:03:17
276,Bosobolo,4.1833,19.9,92.44,44,86,4.97,CD,2021-03-13 10:03:17
277,Seremban,2.7297,101.9381,78.8,83,20,3.44,MY,2021-03-13 10:00:53
278,Mizan Teferi,6.9833,35.5833,86.76,30,82,1.9,ET,2021-03-13 10:03:17
279,Man,7.4125,-7.5538,87.44,57,79,1.92,CI,2021-03-13 10:03:18
280,Ranong,9.9658,98.6348,95.0,46,20,6.91,TH,2021-03-13 10:03:18
281,Sergeyevka,53.88,67.4158,9.73,91,96,13.96,KZ,2021-03-13 10:03:18
282,Laje,-10.1833,-40.9667,68.45,83,76,5.17,BR,2021-03-13 10:03:18
283,Havre-Saint-Pierre,50.2334,-63.5986,23.0,63,90,16.11,CA,2021-03-13 10:03:19
284,Alegrete,-29.7831,-55.7919,65.16,60,0,3.36,BR,2021-03-13 10:03:19
285,Lethbridge,49.7,-112.8186,32.0,68,1,11.5,CA,2021-03-13 10:00:10
286,San Vicente De Canete,-13.0751,-76.3835,70.41,91,86,2.39,PE,2021-03-13 10:03:19
287,Severnyy,50.677,36.5532,24.8,86,90,13.42,RU,2021-03-13 10:03:19
288,Maceio,-9.6658,-35.7353,77.0,88,40,3.44,BR,2021-03-13 10:03:19
289,Marsh Harbour,26.5412,-77.0636,70.84,62,92,11.97,BS,2021-03-13 10:03:19
290,College,64.8569,-147.8028,-18.0,68,1,4.0,US,2021-03-13 10:03:19
291,Mesetas,3.3846,-74.0442,70.79,71,98,2.93,CO,2021-03-13 10:03:19
292,Tongzi,28.7829,105.0877,80.08,30,0,7.38,CN,2021-03-13 10:03:20
293,Nouadhibou,20.931,-17.0347,66.2,34,0,12.66,MR,2021-03-13 10:03:20
294,Safranbolu,41.2508,32.6942,53.56,35,91,1.57,TR,2021-03-13 10:03:20
295,Sioux Lookout,50.1001,-91.917,28.4,69,90,9.22,CA,2021-03-13 10:03:20
296,East London,-33.0153,27.9116,105.8,18,0,13.8,ZA,2021-03-13 10:03:20
297,Bahia Blanca,-38.7196,-62.2724,65.73,37,0,8.66,AR,2021-03-13 10:03:20
298,Tocopilla,-22.092,-70.1979,67.42,82,7,5.06,CL,2021-03-13 10:03:20
299,Avera,33.194,-82.5271,55.0,73,1,5.12,US,2021-03-13 10:03:20
300,Kunya,12.2233,8.5325,86.0,12,25,4.61,NG,2021-03-13 10:03:21
301,Usinsk,65.9939,57.5281,18.45,86,100,18.16,RU,2021-03-13 10:03:21
302,Vostok,46.4856,135.8833,25.54,94,15,3.36,RU,2021-03-13 10:03:21
303,Karratha,-20.7377,116.8463,88.59,59,54,7.4,AU,2021-03-13 10:03:21
304,Touros,-5.1989,-35.4608,77.0,83,20,4.61,BR,2021-03-13 10:03:21
305,Olden,61.8364,6.8064,42.8,56,75,3.44,NO,2021-03-13 10:03:21
306,Nador,35.174,-2.9287,64.4,63,20,10.36,MA,2021-03-13 10:03:21
307,Lazaro Cardenas,17.9583,-102.2,71.01,74,0,5.06,MX,2021-03-13 10:03:21
308,Pisco,-13.7,-76.2167,70.0,94,90,4.61,PE,2021-03-13 10:03:21
309,Fort Nelson,58.8053,-122.7002,12.2,92,90,10.36,CA,2021-03-13 10:03:21
310,Caleta De Carquin,-11.0925,-77.6267,69.93,90,1,4.61,PE,2021-03-13 10:03:22
311,Aykhal,66.0,111.5,3.74,94,95,12.75,RU,2021-03-13 10:03:22
312,Tura,25.5198,90.2201,91.04,18,0,6.04,IN,2021-03-13 10:03:22
313,Puerto Ayora,-0.7393,-90.3518,73.0,95,0,1.01,EC,2021-03-13 10:03:22
314,Basqal,40.7552,48.391,32.0,74,90,7.43,AZ,2021-03-13 10:03:22
315,Arraial Do Cabo,-22.9661,-42.0278,77.0,94,75,3.74,BR,2021-03-13 10:03:22
316,Kavieng,-2.5744,150.7967,82.69,63,24,4.74,PG,2021-03-13 10:03:22
317,Kulhudhuffushi,6.6221,73.07,82.45,73,46,13.53,MV,2021-03-13 10:03:22
318,Thakurgaon,26.0333,88.4667,95.61,14,97,14.85,BD,2021-03-13 10:03:22
319,Qaqortoq,60.7167,-46.0333,15.8,53,90,3.44,GL,2021-03-13 10:03:23
320,Luanda,-8.8368,13.2343,86.0,62,75,4.61,AO,2021-03-13 09:58:33
321,Along,28.1667,94.7667,83.95,40,21,3.65,IN,2021-03-13 10:00:27
322,Asyut,27.181,31.1837,64.4,36,0,16.11,EG,2021-03-13 10:03:23
323,Ahipara,-35.1667,173.1667,61.99,92,14,5.57,NZ,2021-03-13 10:03:23
324,Mandera,3.9366,41.867,95.79,24,28,7.9,KE,2021-03-13 10:03:23
325,Prince George,53.9166,-122.753,41.0,52,75,12.66,CA,2021-03-13 10:00:12
326,Tabou,4.423,-7.3528,81.34,82,100,6.51,CI,2021-03-13 10:03:23
327,Maromitsa,59.8683,48.0123,18.68,91,100,15.14,RU,2021-03-13 10:03:23
328,Gouyave,12.1646,-61.7296,78.8,83,40,14.97,GD,2021-03-13 10:03:23
329,Pacific Grove,36.6177,-121.9166,51.01,85,0,6.04,US,2021-03-13 10:03:23
330,Katangli,51.7102,143.2326,27.1,86,36,6.93,RU,2021-03-13 10:03:24
331,Mareeba,-17.0,145.4333,80.6,74,64,6.91,AU,2021-03-13 10:00:06
332,Brooks,50.5834,-111.8851,23.0,93,0,2.42,CA,2021-03-13 10:03:24
333,Belyy Yar,53.6039,91.3903,15.8,86,90,13.42,RU,2021-03-13 10:03:24
334,Bosaso,11.2842,49.1816,80.6,74,0,19.57,SO,2021-03-13 10:03:25
335,Pingliang,35.5392,106.6861,64.2,40,0,15.23,CN,2021-03-13 10:03:25
336,Aswan,24.0934,32.907,80.98,15,0,10.09,EG,2021-03-13 10:03:25
337,Ganzhou,28.8184,115.4327,59.31,83,86,2.06,CN,2021-03-13 10:00:41
338,Sekoma,-24.4,23.8833,83.64,37,49,14.54,BW,2021-03-13 10:03:25
339,Srednekolymsk,67.45,153.6833,-17.97,98,77,4.83,RU,2021-03-13 10:03:25
340,Pahalgam,34.0333,75.3333,44.94,85,17,1.19,IN,2021-03-13 10:03:25
341,Chokurdakh,70.6333,147.9167,-20.72,92,0,2.66,RU,2021-03-13 10:03:25
342,Torbay,47.6666,-52.7314,32.0,74,1,10.36,CA,2021-03-13 10:03:25
343,Kiama,-34.6833,150.8667,78.01,80,70,5.99,AU,2021-03-13 10:03:25
344,San Cristobal,7.7669,-72.225,62.82,92,91,3.15,VE,2021-03-13 10:03:26
345,Tilichiki,60.4667,166.1,10.8,83,100,18.63,RU,2021-03-13 10:03:26
346,Plouzane,48.3833,-4.6167,50.0,57,75,18.41,FR,2021-03-13 10:03:26
347,Banda Aceh,5.5577,95.3222,85.77,64,36,12.19,ID,2021-03-13 10:03:26
348,Marienburg,54.0359,19.0266,44.01,76,98,10.0,PL,2021-03-13 10:03:26
349,Catamarca,-28.4696,-65.7852,66.99,99,6,1.01,AR,2021-03-13 10:00:02
350,Broken Hill,-31.95,141.4333,64.4,88,90,19.57,AU,2021-03-13 10:03:27
351,Antalaha,-14.9003,50.2788,86.5,60,43,12.53,MG,2021-03-13 10:03:27
352,Calama,-22.4667,-68.9333,55.4,71,40,5.75,CL,2021-03-13 10:03:27
353,Bereda,43.2686,-7.5406,48.99,100,98,8.99,ES,2021-03-13 10:03:27
354,Grandview,38.8858,-94.533,44.01,81,90,11.5,US,2021-03-13 10:03:27
355,Ewa Beach,21.3156,-158.0072,73.4,88,90,13.8,US,2021-03-13 10:03:27
356,Kyren,51.6828,102.1408,42.53,66,87,3.09,RU,2021-03-13 10:03:27
357,Muzhi,65.3667,64.6667,22.1,79,100,9.71,RU,2021-03-13 10:03:28
358,Kahului,20.8947,-156.47,73.4,88,90,10.36,US,2021-03-13 10:03:28
359,Lewisporte,49.2499,-55.0482,30.2,74,20,12.66,CA,2021-03-13 10:03:28
360,Novonukutskiy,53.7002,102.7117,31.17,94,100,5.19,RU,2021-03-13 10:03:28
361,Ust-Uda,54.1742,103.0304,32.92,96,100,1.48,RU,2021-03-13 10:03:29
362,Stornoway,58.2093,-6.3865,39.99,87,40,6.91,GB,2021-03-13 10:03:29
363,Erenhot,43.6475,111.9767,49.08,27,18,5.91,CN,2021-03-13 10:03:29
364,Nouakchott,18.0858,-15.9785,73.4,18,37,13.8,MR,2021-03-13 10:03:29
365,Umarkot,25.3616,69.7362,96.1,13,96,8.81,PK,2021-03-13 10:03:29
366,Rawson,-43.3002,-65.1023,67.82,32,0,6.93,AR,2021-03-13 10:03:30
367,Davila,18.4726,120.5763,87.8,48,75,6.91,PH,2021-03-13 10:03:30
368,Mantua,45.1667,10.7833,54.0,66,20,6.91,IT,2021-03-13 10:03:30
369,Altayskoye,51.9533,85.3325,7.56,82,92,13.58,RU,2021-03-13 10:03:30
370,Port Blair,11.6667,92.75,86.99,57,44,7.81,IN,2021-03-13 10:03:22
371,Pierre,44.3683,-100.351,37.99,69,1,4.61,US,2021-03-13 10:03:30
372,Shaunavon,49.6501,-108.4181,30.2,55,0,5.75,CA,2021-03-13 10:03:30
373,Komsomolskiy,40.4272,71.7189,59.0,47,100,4.61,UZ,2021-03-13 10:03:30
374,Gawler,-34.6,138.7333,61.0,59,0,5.99,AU,2021-03-13 10:03:30
375,Coruripe,-10.1256,-36.1756,78.78,77,26,10.22,BR,2021-03-13 10:03:30
376,Taoudenni,22.6783,-3.9836,74.84,35,12,13.2,ML,2021-03-13 10:03:31
377,Puerto Cabezas,14.0351,-83.3888,73.26,90,8,8.72,NI,2021-03-13 10:03:31
378,Tabuk,17.4189,121.4443,73.47,87,96,5.21,PH,2021-03-13 10:03:31
379,Araouane,18.9048,-3.5265,74.03,33,0,12.86,ML,2021-03-13 10:03:31
380,Nara,34.6851,135.8049,51.8,71,75,10.36,JP,2021-03-13 10:00:16
381,Riviere-Au-Renard,48.9957,-64.3971,21.2,79,90,18.41,CA,2021-03-13 10:03:31
382,Kodiak,57.79,-152.4072,23.0,39,1,4.61,US,2021-03-13 10:03:31
383,Charlestown,-32.95,151.6667,78.01,76,41,8.48,AU,2021-03-13 10:00:10
384,Hendersonville,36.3048,-86.62,54.0,83,100,4.61,US,2021-03-13 09:58:58
385,Banikoara,11.2985,2.4386,93.6,12,53,5.41,BJ,2021-03-13 10:03:31
386,Cartagena,10.3997,-75.5144,77.0,83,40,8.05,CO,2021-03-13 10:03:32
387,Wanning,18.8003,110.3967,75.78,79,22,8.52,CN,2021-03-13 10:03:32
388,Sartell,45.6216,-94.2069,35.01,86,1,6.91,US,2021-03-13 10:03:32
389,Arlit,18.7369,7.3853,83.53,13,74,7.4,NE,2021-03-13 10:03:32
390,Abeche,13.8292,20.8324,102.22,7,2,22.37,TD,2021-03-13 10:03:32
391,Yatou,37.15,122.3833,46.81,67,31,2.35,CN,2021-03-13 10:03:32
392,Sabha,27.0377,14.4283,75.04,18,84,19.69,LY,2021-03-13 10:03:32
393,Oni,42.5794,43.4425,38.71,56,20,3.65,GE,2021-03-13 10:03:32
394,Uvalde,29.3669,-99.767,70.0,100,90,9.22,US,2021-03-13 10:03:32
395,Constitucion,-35.3333,-72.4167,56.97,67,0,2.73,CL,2021-03-13 10:03:33
396,Kimberley,-28.7323,24.7623,86.0,37,0,10.36,ZA,2021-03-13 10:03:33
397,Tongliao,43.6125,122.2653,46.09,38,0,5.1,CN,2021-03-13 10:02:39
398,Chara,56.9064,118.2631,24.22,81,75,5.88,RU,2021-03-13 10:03:33
399,Walvis Bay,-22.9575,14.5053,68.0,68,0,5.75,NA,2021-03-13 10:03:33
400,Takoradi,4.8845,-1.7554,85.01,72,99,8.77,GH,2021-03-13 10:02:12
401,Kutum,14.2,24.6667,90.77,10,4,15.86,SD,2021-03-13 10:03:34
402,Somanda,-3.3667,33.95,84.49,42,92,5.3,TZ,2021-03-13 10:03:34
403,Krasnoselkup,65.7,82.4667,0.9,80,99,23.44,RU,2021-03-13 10:03:35
404,Douglas,41.3,-96.167,42.8,61,90,5.75,US,2021-03-13 10:03:35
405,Bowen,-20.0167,148.2333,78.8,78,0,4.61,AU,2021-03-13 10:03:35
406,Ixtapa,20.7,-105.2,68.0,85,0,1.01,MX,2021-03-13 10:03:35
407,Victor Harbor,-35.5667,138.6167,63.0,59,49,15.26,AU,2021-03-13 10:03:35
408,Manoel Urbano,-8.8389,-69.2597,68.29,97,6,0.83,BR,2021-03-13 10:03:35
409,Waipawa,-41.4122,175.5153,57.2,72,1,3.44,NZ,2021-03-13 10:03:35
410,Aguimes,27.9054,-15.4461,66.2,55,75,19.57,ES,2021-03-13 10:03:35
411,Canton,23.1167,113.25,80.01,65,75,4.47,CN,2021-03-13 10:00:28
412,Fremont,37.5483,-121.9886,50.0,87,1,2.04,US,2021-03-13 10:03:36
413,Tokur,53.1333,132.9,21.4,97,99,3.87,RU,2021-03-13 10:03:36
414,Valparaiso,-33.0393,-71.6273,59.0,88,75,5.75,CL,2021-03-13 10:03:36
415,Dingle,10.9995,122.6711,75.96,93,100,6.58,PH,2021-03-13 10:03:36
416,Manzanillo,20.3433,-77.1167,68.16,89,0,11.05,CU,2021-03-13 10:03:36
417,Sokol,59.4617,40.1206,25.14,84,100,15.41,RU,2021-03-13 10:03:36
418,Vitim,59.4511,112.5578,19.92,83,52,10.09,RU,2021-03-13 10:03:36
419,Bara,10.3744,10.7288,91.4,43,1,16.11,NG,2021-03-13 10:03:37
420,Palazzolo Acreide,37.0623,14.9035,59.0,72,20,4.61,IT,2021-03-13 10:03:37
421,Seidu,9.0167,-10.6,84.42,56,68,0.65,SL,2021-03-13 10:03:37
422,Conceicao Do Almeida,-12.7794,-39.17,72.45,81,41,2.68,BR,2021-03-13 10:03:37
423,Otse,-25.0167,25.7333,78.8,53,40,9.22,BW,2021-03-13 10:03:37
424,Henties Bay,-22.116,14.2845,64.99,88,0,5.01,NA,2021-03-13 10:03:37
425,Kinshasa,-4.3246,15.3215,84.2,61,40,3.44,CD,2021-03-13 09:59:02
426,Nemuro,43.3236,145.575,32.0,80,75,8.05,JP,2021-03-13 10:02:14
427,Nanao,37.05,136.9667,50.0,100,75,9.22,JP,2021-03-13 10:03:38
428,Menongue,-14.6585,17.691,82.02,46,54,7.63,AO,2021-03-13 10:03:38
429,Neiafu,-18.65,-173.9833,80.64,71,10,7.2,TO,2021-03-13 10:03:38
430,Williams Lake,52.1415,-122.1445,39.0,65,90,14.97,CA,2021-03-13 10:03:38
431,Port Augusta,-32.5,137.7667,64.4,52,66,19.57,AU,2021-03-13 10:03:38
432,Biguacu,-27.4942,-48.6556,75.0,94,20,3.44,BR,2021-03-13 10:03:38
433,Yeppoon,-23.1333,150.7333,80.6,69,3,5.75,AU,2021-03-13 10:03:38
434,Gatesville,31.4352,-97.7439,66.2,88,75,5.75,US,2021-03-13 10:03:39
435,Pinega,64.7001,43.3936,17.28,86,100,9.98,RU,2021-03-13 10:03:39
436,San Jose,37.3394,-121.895,45.0,87,1,1.48,US,2021-03-13 10:03:39
437,Rastu,43.8833,23.2833,44.01,87,75,5.75,RO,2021-03-13 10:03:39
438,Tutoia,-2.7619,-42.2744,77.0,89,95,8.68,BR,2021-03-13 10:03:39
439,Chardara,41.2547,67.9692,43.92,90,100,11.41,KZ,2021-03-13 10:03:39
440,Verkhnetulomskiy,68.6073,31.7962,24.8,63,40,4.47,RU,2021-03-13 10:03:39
441,Nortelandia,-14.4547,-56.8028,70.59,92,100,1.95,BR,2021-03-13 10:03:39
442,Pasighat,28.0667,95.3333,87.75,33,5,3.02,IN,2021-03-13 10:02:10
443,Talaya,61.3833,152.75,-8.63,92,100,4.72,RU,2021-03-13 10:03:40
444,Pangnirtung,66.1451,-65.7125,-12.66,96,86,1.52,CA,2021-03-13 10:03:40
445,Porto Novo,6.4965,2.6036,82.4,78,20,6.91,BJ,2021-03-13 10:03:40
446,San Felice Sul Panaro,44.8332,11.1426,55.99,76,13,7.0,IT,2021-03-13 10:03:40
447,Tessalit,20.1986,1.0114,71.73,39,0,11.92,ML,2021-03-13 10:03:40
448,Socorro,31.6546,-106.3033,57.99,19,20,6.91,US,2021-03-13 09:59:58
449,Muyezerskiy,63.9333,31.65,24.49,92,96,5.08,RU,2021-03-13 10:03:41
450,Purpe,64.4803,76.6897,17.89,90,100,22.39,RU,2021-03-13 10:03:41
451,Yelizovo,53.1873,158.3805,17.6,49,0,13.42,RU,2021-03-13 10:03:41
452,Lebu,-37.6167,-73.65,54.66,82,0,8.28,CL,2021-03-13 10:03:41
453,Harnosand,62.6323,17.9379,33.8,93,90,5.75,SE,2021-03-13 10:03:41
454,Saint Anthony,45.0205,-93.218,35.6,74,1,3.44,US,2021-03-13 10:03:41
455,Goumenissa,40.9439,22.4442,60.01,68,97,1.01,GR,2021-03-13 10:03:41
456,Ust-Nera,64.5667,143.2,-20.16,96,63,4.29,RU,2021-03-13 10:03:42
457,Tempio Pausania,40.8974,9.1035,60.8,48,20,18.41,IT,2021-03-13 10:03:42
458,Gannan,47.9147,123.5031,47.12,26,0,8.66,CN,2021-03-13 10:03:42
459,Polunochnoye,60.8697,60.4153,23.25,65,0,10.4,RU,2021-03-13 10:03:42
460,West Bay,19.3667,-81.4167,77.0,75,22,4.0,KY,2021-03-13 10:03:43
461,Seondha,26.1578,78.7797,89.87,20,0,6.17,IN,2021-03-13 10:03:43
462,Nemencine,54.85,25.4833,42.01,75,0,16.11,LT,2021-03-13 10:03:43
463,Laguna,38.421,-121.4238,44.6,70,1,0.96,US,2021-03-13 10:03:43
464,Sibolga,1.7427,98.7792,82.6,76,95,2.59,ID,2021-03-13 10:03:43
465,Concarneau,47.875,-3.9225,48.2,87,75,16.11,FR,2021-03-13 10:03:43
466,Flagstaff,35.1981,-111.6513,25.0,86,90,3.44,US,2021-03-13 10:03:43
467,Aasiaat,68.7098,-52.8699,2.7,90,99,5.14,GL,2021-03-13 10:03:43
468,Swift Current,50.2834,-107.8014,32.0,69,1,9.22,CA,2021-03-13 10:03:43
469,Nioro,13.35,-15.75,84.31,12,34,13.96,GM,2021-03-13 10:03:44
470,Panaba,21.2833,-88.2667,65.08,91,0,4.0,MX,2021-03-13 10:03:44
471,Whitehorse,60.7161,-135.0538,1.4,66,90,11.5,CA,2021-03-13 10:03:44
472,Mandurah,-32.55,115.7,78.01,37,0,11.07,AU,2021-03-13 10:00:07
473,Upernavik,72.7868,-56.1549,-3.69,58,3,3.85,GL,2021-03-13 10:03:44
474,Coihaique,-45.5752,-72.0662,47.8,96,84,4.65,CL,2021-03-13 10:03:45
475,Sur,22.5667,59.5289,94.35,24,0,13.24,OM,2021-03-13 10:03:45
476,Del Rio,29.3627,-100.8968,73.4,73,90,13.8,US,2021-03-13 10:03:45
477,Port Elizabeth,-33.918,25.5701,87.8,45,0,5.75,ZA,2021-03-13 09:58:48
478,Selikhino,50.3672,137.4996,30.07,86,17,15.35,RU,2021-03-13 10:03:45
479,Sancti Spiritus,21.9297,-79.4425,65.05,94,2,6.67,CU,2021-03-13 10:03:45
480,Vila Franca Do Campo,37.7167,-25.4333,59.0,94,75,11.5,PT,2021-03-13 10:03:45
481,Coracao De Jesus,-16.6853,-44.365,66.2,88,0,4.79,BR,2021-03-13 10:03:45
482,Inverell,-29.7833,151.1167,71.01,92,14,2.68,AU,2021-03-13 10:03:46
483,Helong,42.5397,128.9972,39.81,86,91,3.31,CN,2021-03-13 10:03:46
484,Sohag,26.557,31.6948,66.2,39,0,10.36,EG,2021-03-13 10:03:46
485,Plettenberg Bay,-34.0527,23.3716,78.58,53,71,8.97,ZA,2021-03-13 10:03:46
486,Ust-Ishim,57.6935,71.1665,19.24,86,85,11.34,RU,2021-03-13 10:03:46
487,Margate,51.3813,1.3862,48.0,58,38,8.99,GB,2021-03-13 10:03:46
488,Quatre Cocos,-20.2078,57.7625,87.8,66,40,11.5,MU,2021-03-13 10:03:46
489,Doha,25.2867,51.5333,80.6,24,0,24.16,QA,2021-03-13 10:03:42
490,Areia Branca,-4.9561,-37.1369,79.41,73,31,14.34,BR,2021-03-13 10:03:46
491,Sainte-Anne-Des-Monts,49.124,-66.4924,26.6,68,100,27.63,CA,2021-03-13 10:03:47
492,Matay,28.419,30.7792,71.26,27,0,14.99,EG,2021-03-13 10:03:47
493,Ca Mau,9.1769,105.15,87.33,46,53,12.12,VN,2021-03-13 10:00:47
494,Santiago Del Estero,-27.7951,-64.2615,71.49,54,99,4.52,AR,2021-03-13 10:03:47
495,Bindura,-17.3019,31.3306,78.01,49,9,3.0,ZW,2021-03-13 10:03:47
496,Misratah,32.3754,15.0925,62.78,53,100,6.17,LY,2021-03-13 10:03:47
497,Kanda,33.7833,130.9833,53.6,66,75,12.66,JP,2021-03-13 10:03:47
498,Kem,64.9555,34.5793,20.95,91,93,7.96,RU,2021-03-13 10:03:47
499,Addanki,15.8167,79.9833,95.09,24,0,13.2,IN,2021-03-13 10:00:03
500,Egvekinot,66.3167,-179.1667,26.08,96,100,18.21,RU,2021-03-13 10:03:48
501,Luena,-11.7833,19.9167,77.0,73,40,6.91,AO,2021-03-13 10:03:48
502,Lappeenranta,61.0587,28.1887,34.0,87,100,10.42,FI,2021-03-13 10:03:48
503,Benguela,-12.5763,13.4055,85.48,66,53,6.4,AO,2021-03-13 10:03:48
504,Togur,58.3631,82.8265,12.16,83,96,10.76,RU,2021-03-13 10:03:48
505,Kimbe,-5.5502,150.1429,78.69,86,100,2.01,PG,2021-03-13 10:03:48
506,Belmonte,-15.8631,-38.8828,69.8,88,20,4.61,BR,2021-03-13 10:03:48
507,Jinxiang,27.4327,120.6062,54.91,77,81,6.24,CN,2021-03-13 10:03:22
508,Grivenskaya,45.6473,38.176,44.76,45,15,9.13,RU,2021-03-13 10:03:48
509,Atasu,48.6814,71.6433,-1.26,88,100,12.03,KZ,2021-03-13 10:03:48
510,Illela,13.7292,5.2975,91.42,10,74,11.86,NG,2021-03-13 10:03:49
511,Niimi,34.9833,133.4667,48.0,87,40,3.44,JP,2021-03-13 10:03:49
512,Zanjan,36.6736,48.4787,28.4,86,20,6.91,IR,2021-03-13 10:03:49
513,Kangaatsiaq,68.3065,-53.4641,13.59,88,100,5.79,GL,2021-03-13 10:03:49
514,Goba,7.0167,39.9833,72.45,26,25,8.88,ET,2021-03-13 10:03:49
515,Atwater,37.3477,-120.6091,44.01,100,1,3.0,US,2021-03-13 10:03:49
516,Biryusinsk,55.9634,97.8235,17.94,88,100,5.48,RU,2021-03-13 10:03:49
517,Omboue,-1.5746,9.2618,89.01,60,100,1.23,GA,2021-03-13 10:03:49
518,Ouallam,14.3188,2.0866,87.19,11,1,16.22,NE,2021-03-13 10:03:49
519,Dunda,-8.1167,34.25,83.84,49,90,3.65,TZ,2021-03-13 10:03:50
520,Tak,16.5833,98.8333,96.8,30,20,4.61,TH,2021-03-13 10:03:50
521,Grants,35.1473,-107.8514,15.8,79,1,5.75,US,2021-03-13 10:03:50
522,Pandrup,57.2215,9.6757,42.8,81,40,13.8,DK,2021-03-13 10:03:50
523,Skanderborg,56.0399,9.9272,39.0,91,92,10.0,DK,2021-03-13 10:03:51
524,Kukmor,56.1855,50.8944,14.59,85,44,14.88,RU,2021-03-13 10:03:51
525,Zulueta,42.7451,-1.5793,52.0,75,20,1.14,ES,2021-03-13 10:03:51
526,Meadow Lake,34.8014,-106.5436,48.2,6,1,19.57,US,2021-03-13 10:03:51
527,Zeya,53.75,127.2667,30.88,98,78,3.47,RU,2021-03-13 10:03:51
528,Bogatyye Saby,56.0102,50.4483,12.94,88,59,14.94,RU,2021-03-13 10:03:51
529,Camana,-16.6228,-72.7111,70.56,89,4,7.63,PE,2021-03-13 10:03:51
530,Owando,-0.4819,15.8999,87.22,51,100,3.8,CG,2021-03-13 10:03:51
531,Yar-Sale,66.8333,70.8333,-12.51,81,88,5.23,RU,2021-03-13 10:03:51
532,Inhambane,-23.865,35.3833,83.71,66,8,11.65,MZ,2021-03-13 10:03:51
533,Srivardhan,18.0333,73.0167,88.84,37,67,15.35,IN,2021-03-13 10:03:52
534,Comodoro Rivadavia,-45.8667,-67.5,60.8,36,0,18.41,AR,2021-03-13 10:03:52
535,Karasburg,-28.0167,18.75,93.38,14,0,14.36,NA,2021-03-13 10:00:15
536,Oltina,44.1667,27.6667,50.0,46,100,1.99,RO,2021-03-13 10:03:52
537,Cambridge,43.3601,-80.3127,23.0,63,90,13.8,CA,2021-03-13 10:00:08
538,Bambanglipuro,-7.95,110.2833,80.51,69,96,7.81,ID,2021-03-13 10:03:52
539,Yerbogachen,61.2767,108.0108,13.68,84,100,12.06,RU,2021-03-13 10:03:52
540,Bud,39.447,-86.1758,39.99,65,90,8.32,US,2021-03-13 10:03:52
541,The Valley,18.217,-63.0578,75.2,83,20,2.3,AI,2021-03-13 10:00:04
542,Tono,39.3167,141.5333,42.8,81,75,10.36,JP,2021-03-13 10:03:52
543,Jalu,29.0331,21.5482,70.68,27,67,11.12,LY,2021-03-13 10:03:53
544,Makakilo City,21.3469,-158.0858,73.4,88,90,13.8,US,2021-03-13 10:03:53
545,Kobrinskoye,59.4225,30.1239,37.4,87,90,17.9,RU,2021-03-13 10:03:53
546,Mvomero,-6.25,38.6667,89.6,58,40,13.8,TZ,2021-03-13 10:03:53
547,Torrington,41.8007,-73.1212,27.0,57,0,14.0,US,2021-03-13 10:03:53
548,El Alto,-4.2714,-81.2147,73.62,74,99,8.08,PE,2021-03-13 10:03:53
549,Talara,-4.5772,-81.2719,75.81,76,98,7.56,PE,2021-03-13 10:03:53
550,Lao Cai,22.4833,103.95,81.99,62,24,4.52,VN,2021-03-13 10:03:53
551,Kaduqli,11.0167,29.7167,105.76,8,64,9.55,SD,2021-03-13 10:03:54
552,Bridlington,54.0831,-0.1919,41.0,86,100,7.0,GB,2021-03-13 10:03:55
553,Salinopolis,-0.6136,-47.3561,77.54,85,100,2.89,BR,2021-03-13 10:03:55
554,Khani,41.9563,42.9566,51.8,37,0,11.5,GE,2021-03-13 10:03:55
555,Gamba,-2.65,10.0,79.68,81,100,2.8,GA,2021-03-13 10:03:55
556,Esna,25.2934,32.554,71.6,37,0,6.91,EG,2021-03-13 10:03:55
557,Baruun-Urt,46.6806,113.2792,45.99,34,0,10.07,MN,2021-03-13 10:03:55
558,Merauke,-8.4667,140.3333,81.63,78,100,4.34,ID,2021-03-13 10:03:55
559,Kenai,60.5544,-151.2583,-13.0,84,1,5.75,US,2021-03-13 10:03:55
560,Yulara,-25.2406,130.9889,71.6,78,100,12.66,AU,2021-03-13 10:03:55
561,Muros,42.7762,-9.0603,55.99,69,91,14.0,ES,2021-03-13 10:03:56
562,Mandalgovi,45.7625,106.2708,51.46,20,23,9.82,MN,2021-03-13 10:03:56
563,Ushtobe,45.2514,77.9838,26.58,91,100,20.6,KZ,2021-03-13 10:03:56
564,Chimoio,-19.1164,33.4833,78.8,69,75,5.75,MZ,2021-03-13 10:03:56
565,Maxixe,-23.8597,35.3472,84.2,64,7,11.34,MZ,2021-03-13 10:03:56
566,Sistranda,63.7256,8.834,39.2,60,0,12.66,NO,2021-03-13 10:03:57
567,Ngunguru,-35.6167,174.5,63.0,90,16,4.05,NZ,2021-03-13 10:03:57
568,Kyzyl-Suu,42.3414,78.0056,48.97,54,96,2.21,KG,2021-03-13 10:03:57
569,Alice Springs,-23.7,133.8833,73.4,88,90,12.66,AU,2021-03-13 10:00:11
570,Talcahuano,-36.7167,-73.1167,51.8,100,0,3.44,CL,2021-03-13 10:03:57
571,Patiya,22.2931,91.9762,93.2,31,0,5.75,BD,2021-03-13 10:03:57
572,Bollnas,61.3482,16.3946,37.99,77,100,3.0,SE,2021-03-13 10:03:57
573,Kanbe,16.7053,96.0017,100.4,34,0,6.91,MM,2021-03-13 10:03:57
574,Hukuntsi,-24.0,21.75,85.44,32,0,17.38,BW,2021-03-13 10:03:57
575,Aksarka,66.5606,67.7975,-4.09,79,100,6.73,RU,2021-03-13 10:03:58
576,Sao Joao Da Barra,-21.6403,-41.0511,75.2,94,40,2.3,BR,2021-03-13 10:03:58
577,Popondetta,-8.7537,148.2534,77.07,90,100,1.5,PG,2021-03-13 10:03:58
578,Ipueiras,-7.0333,-40.45,70.03,93,49,5.86,BR,2021-03-13 10:03:58
579,Voi,-3.3945,38.563,89.42,35,6,7.67,KE,2021-03-13 10:03:58
580,Tigre,-34.426,-58.5796,68.0,88,79,2.3,AR,2021-03-13 10:03:59
581,Singkang,2.1006,102.7994,84.2,79,20,3.44,MY,2021-03-13 10:03:59
582,Corowa,-36.0333,146.3833,64.99,86,100,9.04,AU,2021-03-13 10:03:59
583,Ocna Sibiului,45.8833,24.05,45.0,81,75,3.44,RO,2021-03-13 10:03:59
584,Ivanovka,42.8878,75.085,30.2,93,90,13.42,KG,2021-03-13 10:03:59
585,Castelo Do Piaui,-5.3222,-41.5525,72.05,94,8,3.89,BR,2021-03-13 10:03:59
586,Isangel,-19.55,169.2667,78.8,83,90,17.27,VU,2021-03-13 10:03:59
587,Marzuq,14.4,46.4667,89.28,6,38,7.92,YE,2021-03-13 10:04:00
588,Lodwar,3.1191,35.5973,98.19,24,68,21.9,KE,2021-03-13 10:04:00
